{"tasks": [[0.0, 1740964736.0, 1741137536.0, 120.1532974243164, 30.24839973449707, 0.007000000216066837, 1.0, 1.0, 5.0, 2.0, -2769.986328125, 4768.248046875, 3194.19091796875], [1.0, 1740964736.0, 1741137536.0, 116.4000015258789, 39.900001525878906, 0.04349999874830246, 1.0, 1.0, 5.0, 2.0, -2178.639892578125, 4388.841796875, 4069.4736328125], [2.0, 1740964736.0, 1741137536.0, 109.77999877929688, 19.209999084472656, 0.05000000074505806, 5.0, 1.0, 5.0, 2.0, -2038.977783203125, 5669.6875, 2085.314697265625], [3.0, 1740964736.0, 1741137536.0, 101.73999786376953, 36.560001373291016, 2.260999917984009, 2.0, 1.0, 5.0, 2.0, -1043.6490478515625, 5021.93212890625, 3778.285888671875], [4.0, 1740964736.0, 1741137536.0, 80.4749984741211, 7.525000095367432, 0.007000000216066837, 2.0, 1.0, 5.0, 1.0, 1046.411376953125, 6236.390625, 829.7290649414062]], "tasks_info": [[1.0, [[2.0, 1741407266.131254, 0.5055309273791729, 0.03704479559241744], [8.0, 1741320799.631254, 0.47080867402430404, 0.07646577209504236], [8.0, 1741406303.131254, -0.08040615428832883, 0.570464830639881], [9.0, 1741406541.631254, 0.07849228099421754, 0.5732167620934554], [10.0, 1741406784.131254, 0.23524300503210316, 0.39115477958337375], [11.0, 1741407026.631254, 0.37958300340436535, 0.19214326167376994]]], [2.0, [[0.0, 1741407834.131254, 0.5168757624830438, 0.014717015032866314], [2.0, 1741407600.631254, 0.3623080098337786, 0.12268242877706519], [8.0, 1741321134.631254, 0.3116233716528524, 0.151205005762574], [8.0, 1741406638.131254, -0.3977749903729917, 0.09768782612284325], [9.0, 1741321371.631254, 0.47623996501644705, 0.12432986383944314], [9.0, 1741406876.631254, -0.2199626740711596, 0.4860408086891108], [10.0, 1741407118.631254, -0.021734631655567747, 0.5921713446541131], [11.0, 1741407360.631254, 0.1789636821050774, 0.7652522435040059]]], [3.0, [[4.0, 1741322755.131254, -0.4081781063514321, 0.2049955897103897], [5.0, 1741322975.631254, -0.2731065723602431, 0.22960230999039255], [6.0, 1741323201.131254, -0.12216963148847097, 0.499398054505621], [7.0, 1741323434.131254, 0.04085358493265424, 0.316225801363044]]], [4.0, [[0.0, 1741413729.131254, -0.05613162038171792, 0.6397840922149691], [1.0, 1741413952.631254, 0.13948861842220364, 0.8235838647249915], [2.0, 1741327990.631254, 0.47796629422083065, 0.15769627645956943], [2.0, 1741413495.131254, -0.25592694968915003, 0.6680720425917416], [3.0, 1741414177.131254, 0.3251769276371205, 0.5465289906071984], [4.0, 1741414395.631254, 0.48325671385937424, 0.09651062472552514], [8.0, 1741327028.631254, -0.31108102122508996, 0.41472808649887505], [9.0, 1741327266.631254, -0.11275832592150084, 0.4471762127414257], [10.0, 1741327508.131254, 0.09947577425699672, 0.24606327069591047], [11.0, 1741327751.131254, 0.3022264259243037, 0.5916669294226515], [11.0, 1741413255.131254, -0.43906911130219545, 0.2585122542611537]]]], "state_info": {"1": {"current_time": 1741295884.131254, "position": [1510.6497046264744, 1877.3224222471547, -6457.1268150542455], "attitude": [160.8854476619607, -7.40319664299453, 120.80067437498226], "roll_angle": 0.0, "energy_allow": 0.4, "sun_position": [1.7055650935225364, -0.811362409098983, -0.9139283305702857]}, "2": {"current_time": 1741295874.131254, "position": [-19.696708525636893, 1019.8381224754031, -6815.803914624632], "attitude": [175.7939700913618, -7.40423584708228, 120.84021217367886], "roll_angle": 0.0, "energy_allow": 0.4}, "3": {"current_time": 1741295874.131254, "position": [2883.5105100220267, 2584.653386107569, -5702.318445400146], "attitude": [146.55714242132566, -7.401194056915516, 120.84386890048756], "roll_angle": 0.0, "energy_allow": 0.4}, "4": {"current_time": 1741295874.131254, "position": [-1497.5307274876322, 123.89841603308588, -6726.0291301772995], "attitude": [-169.7965946624704, -7.403970368358541, 120.83790954334641], "roll_angle": 0.0, "energy_allow": 0.4}, "5": {"current_time": 1741295874.131254, "position": [-2842.0013822853466, -753.3496860834343, -6233.837564046748], "attitude": [-155.8123467648384, -7.402578050282629, 120.8362830703329], "roll_angle": 0.0, "energy_allow": 0.4}, "6": {"current_time": 1741295874.131254, "position": [-4023.397178453736, -1589.9986256093277, -5366.73800012246], "attitude": [-141.74984728389117, -7.400383690993624, 120.83552382980682], "roll_angle": 0.0, "energy_allow": 0.4}, "7": {"current_time": 1741295874.131254, "position": [-4982.388707731774, -2347.2054152004475, -4147.193347498361], "attitude": [-127.35618486941672, -7.397854432225227, 120.83582374327477], "roll_angle": 0.0, "energy_allow": 0.4}, "8": {"current_time": 1741295874.131254, "position": [-5646.100790817068, -2976.1765626342103, -2609.9321741691538], "attitude": [-112.44198525861427, -7.395591868294042, 120.8371943819642], "roll_angle": 0.0, "energy_allow": 0.4}, "9": {"current_time": 1741295874.131254, "position": [5938.52193881693, 3455.5917638238025, 595.0777149048745], "attitude": [85.00840384441061, -7.3941862959414335, 120.83888466014675], "roll_angle": 0.0, "energy_allow": 0.4}, "10": {"current_time": 1741295874.131254, "position": [5745.910693201006, 3614.438381396331, -1214.3170449804848], "attitude": [100.22884303402839, -7.3944301483911, 120.84147830231919], "roll_angle": 0.0, "energy_allow": 0.4}, "11": {"current_time": 1741295874.131254, "position": [5136.968720512543, 3515.8390100685565, -2965.1729864989434], "attitude": [115.70561445935567, -7.3960232847893685, 120.84350146983512], "roll_angle": 0.0, "energy_allow": 0.4}, "12": {"current_time": 1741295874.131254, "position": [4153.826981390105, 3161.5770697086455, -4502.950635615171], "attitude": [131.2131483088614, -7.398525283145255, 120.84437275855204], "roll_angle": 0.0, "energy_allow": 0.4}}}